{"cameraMode":{"drawMode":0,"name":"Shaded","section":"Shading Mode"},"sceneLighting":true,"audioPlay":false,"sceneViewState":{"m_AlwaysRefresh":false,"showFog":true,"showSkybox":true,"showFlares":true,"showImageEffects":true,"showParticleSystems":true,"showVisualEffectGraphs":true,"m_FxEnabled":false},"in2DMode":false,"pivot":{"x":0.5112168192863464,"y":0.25646406412124636,"z":0.029138188809156419},"rotation":{"x":-0.05824040248990059,"y":0.920538067817688,"z":-0.15073809027671815,"w":-0.35566556453704836},"size":0.6583219170570374,"orthographic":false}