{"cameraMode":{"drawMode":0,"name":"Shaded","section":"Shading Mode"},"sceneLighting":true,"audioPlay":false,"sceneViewState":{"m_AlwaysRefresh":false,"showFog":true,"showSkybox":true,"showFlares":true,"showImageEffects":true,"showParticleSystems":true,"showVisualEffectGraphs":true,"m_FxEnabled":false},"in2DMode":false,"pivot":{"x":-0.9032566547393799,"y":0.13394123315811158,"z":0.9752850532531738},"rotation":{"x":-0.043667905032634738,"y":0.7222241163253784,"z":-0.045782092958688739,"w":-0.6887761950492859},"size":2.313324451446533,"orthographic":false}